position,consensus,shannon_entropy,conservation_score,relative_entropy,freq_A,freq_C,freq_G,freq_T,freq_gap
1,T,0.9142,0.5429,1.0858,0.0556,0.0556,0.0556,0.8333,0
2,A,0.9142,0.5429,1.0858,0.8333,0.0556,0.0556,0.0556,0
3,T,0.9142,0.5429,1.0858,0.0556,0.0556,0.0556,0.8333,0
4,A,0.9142,0.5429,1.0858,0.8333,0.0556,0.0556,0.0556,0
5,C,0.9142,0.5429,1.0858,0.0556,0.8333,0.0556,0.0556,0
6,A,0.9142,0.5429,1.0858,0.8333,0.0556,0.0556,0.0556,0
7,T,0.9142,0.5429,1.0858,0.0556,0.0556,0.0556,0.8333,0
8,T,1.2332,0.3834,0.7668,0.1667,0.0556,0.0556,0.7222,0
9,A,0.9142,0.5429,1.0858,0.8333,0.0556,0.0556,0.0556,0
10,A,0.9142,0.5429,1.0858,0.8333,0.0556,0.0556,0.0556,0
11,A,0.9142,0.5429,1.0858,0.8333,0.0556,0.0556,0.0556,0
12,G,0.9142,0.5429,1.0858,0.0556,0.0556,0.8333,0.0556,0
13,A,1.4932,0.2534,0.5068,0.5,0.0556,0.3889,0.0556,0
14,A,0.9142,0.5429,1.0858,0.8333,0.0556,0.0556,0.0556,0
15,G,0.9142,0.5429,1.0858,0.0556,0.0556,0.8333,0.0556,0
16,G,0.9142,0.5429,1.0858,0.0556,0.0556,0.8333,0.0556,0
17,G,0.9142,0.5429,1.0858,0.0556,0.0556,0.8333,0.0556,0
18,G,0.9142,0.5429,1.0858,0.0556,0.0556,0.8333,0.0556,0
19,G,0.9142,0.5429,1.0858,0.0556,0.0556,0.8333,0.0556,0
20,A,0.9142,0.5429,1.0858,0.8333,0.0556,0.0556,0.0556,0
21,T,0.9142,0.5429,1.0858,0.0556,0.0556,0.0556,0.8333,0
22,G,0.9142,0.5429,1.0858,0.0556,0.0556,0.8333,0.0556,0
23,C,0.9142,0.5429,1.0858,0.0556,0.8333,0.0556,0.0556,0
24,G,0.9142,0.5429,1.0858,0.0556,0.0556,0.8333,0.0556,0
25,G,0.9142,0.5429,1.0858,0.0556,0.0556,0.8333,0.0556,0
26,A,0.9142,0.5429,1.0858,0.8333,0.0556,0.0556,0.0556,0
27,T,0.9142,0.5429,1.0858,0.0556,0.0556,0.0556,0.8333,0
28,A,0.9142,0.5429,1.0858,0.8333,0.0556,0.0556,0.0556,0
29,A,0.9142,0.5429,1.0858,0.8333,0.0556,0.0556,0.0556,0
30,A,0.9142,0.5429,1.0858,0.8333,0.0556,0.0556,0.0556,0
31,T,0.9142,0.5429,1.0858,0.0556,0.0556,0.0556,0.8333,0
32,G,0.9142,0.5429,1.0858,0.0556,0.0556,0.8333,0.0556,0
33,G,0.9142,0.5429,1.0858,0.0556,0.0556,0.8333,0.0556,0
34,A,0.9142,0.5429,1.0858,0.8333,0.0556,0.0556,0.0556,0
35,A,0.9142,0.5429,1.0858,0.8333,0.0556,0.0556,0.0556,0
36,A,0.9142,0.5429,1.0858,0.8333,0.0556,0.0556,0.0556,0
37,G,0.9142,0.5429,1.0858,0.0556,0.0556,0.8333,0.0556,0
38,G,0.9142,0.5429,1.0858,0.0556,0.0556,0.8333,0.0556,0
39,C,0.9142,0.5429,1.0858,0.0556,0.8333,0.0556,0.0556,0
40,G,0.9142,0.5429,1.0858,0.0556,0.0556,0.8333,0.0556,0
41,A,0.9142,0.5429,1.0858,0.8333,0.0556,0.0556,0.0556,0
42,A,0.9142,0.5429,1.0858,0.8333,0.0556,0.0556,0.0556,0
43,A,0.9142,0.5429,1.0858,0.8333,0.0556,0.0556,0.0556,0
44,G,0.9142,0.5429,1.0858,0.0556,0.0556,0.8333,0.0556,0
45,A,0.9142,0.5429,1.0858,0.8333,0.0556,0.0556,0.0556,0
46,A,0.9142,0.5429,1.0858,0.8333,0.0556,0.0556,0.0556,0
47,A,0.9142,0.5429,1.0858,0.8333,0.0556,0.0556,0.0556,0
48,G,0.9142,0.5429,1.0858,0.0556,0.0556,0.8333,0.0556,0
49,A,0.9142,0.5429,1.0858,0.8333,0.0556,0.0556,0.0556,0
50,A,0.9142,0.5429,1.0858,0.8333,0.0556,0.0556,0.0556,0
51,T,0.9142,0.5429,1.0858,0.0556,0.0556,0.0556,0.8333,0
52,A,0.9142,0.5429,1.0858,0.8333,0.0556,0.0556,0.0556,0
53,T,0.9142,0.5429,1.0858,0.0556,0.0556,0.0556,0.8333,0
54,A,0.9142,0.5429,1.0858,0.8333,0.0556,0.0556,0.0556,0
55,T,0.9142,0.5429,1.0858,0.0556,0.0556,0.0556,0.8333,0
56,A,0.9142,0.5429,1.0858,0.8333,0.0556,0.0556,0.0556,0
57,T,1.2075,0.3962,0.7925,0.0833,0.0833,0.0833,0.75,3
58,A,1.2075,0.3962,0.7925,0.75,0.0833,0.0833,0.0833,3
59,-,1.3568,0.3216,0.6432,0.1,0.1,0.1,0.7,4
60,-,1.3568,0.3216,0.6432,0.7,0.1,0.1,0.1,4
61,-,1.7925,0.1038,0.2075,0.1667,0.1667,0.1667,0.5,6
62,-,1.7925,0.1038,0.2075,0.5,0.1667,0.1667,0.1667,6
63,-,1.7925,0.1038,0.2075,0.1667,0.1667,0.1667,0.5,6
64,-,1.7925,0.1038,0.2075,0.5,0.1667,0.1667,0.1667,6
65,-,1.7925,0.1038,0.2075,0.1667,0.1667,0.1667,0.5,6
66,-,1.7925,0.1038,0.2075,0.5,0.1667,0.1667,0.1667,6
67,A,0.9142,0.5429,1.0858,0.8333,0.0556,0.0556,0.0556,0
68,T,0.9142,0.5429,1.0858,0.0556,0.0556,0.0556,0.8333,0
69,A,0.9142,0.5429,1.0858,0.8333,0.0556,0.0556,0.0556,0
70,T,0.9142,0.5429,1.0858,0.0556,0.0556,0.0556,0.8333,0
71,A,0.9142,0.5429,1.0858,0.8333,0.0556,0.0556,0.0556,0
72,T,0.9142,0.5429,1.0858,0.0556,0.0556,0.0556,0.8333,0
73,T,0.9142,0.5429,1.0858,0.0556,0.0556,0.0556,0.8333,0
74,T,0.9142,0.5429,1.0858,0.0556,0.0556,0.0556,0.8333,0
75,C,1.2332,0.3834,0.7668,0.1667,0.7222,0.0556,0.0556,0
76,A,1.2332,0.3834,0.7668,0.7222,0.0556,0.0556,0.1667,0
77,A,0.9142,0.5429,1.0858,0.8333,0.0556,0.0556,0.0556,0
78,A,0.9142,0.5429,1.0858,0.8333,0.0556,0.0556,0.0556,0
79,T,0.9142,0.5429,1.0858,0.0556,0.0556,0.0556,0.8333,0
80,T,0.9142,0.5429,1.0858,0.0556,0.0556,0.0556,0.8333,0
81,T,1.4932,0.2534,0.5068,0.0556,0.3889,0.0556,0.5,0
82,C,0.9142,0.5429,1.0858,0.0556,0.8333,0.0556,0.0556,0
83,C,0.9142,0.5429,1.0858,0.0556,0.8333,0.0556,0.0556,0
84,T,0.9142,0.5429,1.0858,0.0556,0.0556,0.0556,0.8333,0
85,T,0.9142,0.5429,1.0858,0.0556,0.0556,0.0556,0.8333,0
86,A,0.9142,0.5429,1.0858,0.8333,0.0556,0.0556,0.0556,0
87,T,0.9142,0.5429,1.0858,0.0556,0.0556,0.0556,0.8333,0
88,A,0.9142,0.5429,1.0858,0.8333,0.0556,0.0556,0.0556,0
89,T,0.9142,0.5429,1.0858,0.0556,0.0556,0.0556,0.8333,0
90,A,0.9142,0.5429,1.0858,0.8333,0.0556,0.0556,0.0556,0
91,T,1.4108,0.2946,0.5892,0.0556,0.2778,0.0556,0.6111,0
92,C,0.9142,0.5429,1.0858,0.0556,0.8333,0.0556,0.0556,0
93,C,0.9142,0.5429,1.0858,0.0556,0.8333,0.0556,0.0556,0
94,A,0.9142,0.5429,1.0858,0.8333,0.0556,0.0556,0.0556,0
95,A,0.9142,0.5429,1.0858,0.8333,0.0556,0.0556,0.0556,0
96,A,0.9142,0.5429,1.0858,0.8333,0.0556,0.0556,0.0556,0
97,T,0.9142,0.5429,1.0858,0.0556,0.0556,0.0556,0.8333,0
98,A,0.9142,0.5429,1.0858,0.8333,0.0556,0.0556,0.0556,0
99,T,0.9142,0.5429,1.0858,0.0556,0.0556,0.0556,0.8333,0
100,A,0.9142,0.5429,1.0858,0.8333,0.0556,0.0556,0.0556,0
101,A,0.9142,0.5429,1.0858,0.8333,0.0556,0.0556,0.0556,0
102,A,0.9142,0.5429,1.0858,0.8333,0.0556,0.0556,0.0556,0
103,A,0.9142,0.5429,1.0858,0.8333,0.0556,0.0556,0.0556,0
104,A,0.9142,0.5429,1.0858,0.8333,0.0556,0.0556,0.0556,0
105,T,0.9142,0.5429,1.0858,0.0556,0.0556,0.0556,0.8333,0
106,A,0.9142,0.5429,1.0858,0.8333,0.0556,0.0556,0.0556,0
107,T,0.9142,0.5429,1.0858,0.0556,0.0556,0.0556,0.8333,0
108,C,0.9142,0.5429,1.0858,0.0556,0.8333,0.0556,0.0556,0
109,T,0.9142,0.5429,1.0858,0.0556,0.0556,0.0556,0.8333,0
110,A,0.9142,0.5429,1.0858,0.8333,0.0556,0.0556,0.0556,0
111,A,0.9142,0.5429,1.0858,0.8333,0.0556,0.0556,0.0556,0
112,T,0.9142,0.5429,1.0858,0.0556,0.0556,0.0556,0.8333,0
113,A,0.9142,0.5429,1.0858,0.8333,0.0556,0.0556,0.0556,0
114,A,0.9142,0.5429,1.0858,0.8333,0.0556,0.0556,0.0556,0
115,A,0.9142,0.5429,1.0858,0.8333,0.0556,0.0556,0.0556,0
116,T,0.9142,0.5429,1.0858,0.0556,0.0556,0.0556,0.8333,0
117,T,0.9142,0.5429,1.0858,0.0556,0.0556,0.0556,0.8333,0
118,A,0.9142,0.5429,1.0858,0.8333,0.0556,0.0556,0.0556,0
119,G,0.9142,0.5429,1.0858,0.0556,0.0556,0.8333,0.0556,0
120,A,0.9142,0.5429,1.0858,0.8333,0.0556,0.0556,0.0556,0
121,T,0.9142,0.5429,1.0858,0.0556,0.0556,0.0556,0.8333,0
122,G,0.9142,0.5429,1.0858,0.0556,0.0556,0.8333,0.0556,0
123,A,0.9142,0.5429,1.0858,0.8333,0.0556,0.0556,0.0556,0
124,A,0.9142,0.5429,1.0858,0.8333,0.0556,0.0556,0.0556,0
125,T,0.9142,0.5429,1.0858,0.0556,0.0556,0.0556,0.8333,0
126,A,0.9142,0.5429,1.0858,0.8333,0.0556,0.0556,0.0556,0
127,T,0.9142,0.5429,1.0858,0.0556,0.0556,0.0556,0.8333,0
128,C,0.9142,0.5429,1.0858,0.0556,0.8333,0.0556,0.0556,0
129,A,0.9142,0.5429,1.0858,0.8333,0.0556,0.0556,0.0556,0
130,A,0.9142,0.5429,1.0858,0.8333,0.0556,0.0556,0.0556,0
131,A,0.9142,0.5429,1.0858,0.8333,0.0556,0.0556,0.0556,0
132,G,0.9142,0.5429,1.0858,0.0556,0.0556,0.8333,0.0556,0
133,A,0.9142,0.5429,1.0858,0.8333,0.0556,0.0556,0.0556,0
134,A,0.9142,0.5429,1.0858,0.8333,0.0556,0.0556,0.0556,0
135,T,0.9142,0.5429,1.0858,0.0556,0.0556,0.0556,0.8333,0
136,C,0.9142,0.5429,1.0858,0.0556,0.8333,0.0556,0.0556,0
137,T,1.2332,0.3834,0.7668,0.0556,0.1667,0.0556,0.7222,0
138,A,0.9142,0.5429,1.0858,0.8333,0.0556,0.0556,0.0556,0
139,T,0.9142,0.5429,1.0858,0.0556,0.0556,0.0556,0.8333,0
140,T,0.9142,0.5429,1.0858,0.0556,0.0556,0.0556,0.8333,0
141,G,0.9142,0.5429,1.0858,0.0556,0.0556,0.8333,0.0556,0
142,A,0.9142,0.5429,1.0858,0.8333,0.0556,0.0556,0.0556,0
143,T,0.9142,0.5429,1.0858,0.0556,0.0556,0.0556,0.8333,0
144,T,0.9142,0.5429,1.0858,0.0556,0.0556,0.0556,0.8333,0
145,T,0.9142,0.5429,1.0858,0.0556,0.0556,0.0556,0.8333,0
146,A,0.9142,0.5429,1.0858,0.8333,0.0556,0.0556,0.0556,0
147,G,0.9142,0.5429,1.0858,0.0556,0.0556,0.8333,0.0556,0
148,T,0.9142,0.5429,1.0858,0.0556,0.0556,0.0556,0.8333,0
149,G,1.2332,0.3834,0.7668,0.1667,0.0556,0.7222,0.0556,0
150,T,0.9142,0.5429,1.0858,0.0556,0.0556,0.0556,0.8333,0
151,A,0.9142,0.5429,1.0858,0.8333,0.0556,0.0556,0.0556,0
152,C,0.9142,0.5429,1.0858,0.0556,0.8333,0.0556,0.0556,0
153,C,0.9142,0.5429,1.0858,0.0556,0.8333,0.0556,0.0556,0
154,A,0.9142,0.5429,1.0858,0.8333,0.0556,0.0556,0.0556,0
155,G,0.9142,0.5429,1.0858,0.0556,0.0556,0.8333,0.0556,0
156,A,0.9142,0.5429,1.0858,0.8333,0.0556,0.0556,0.0556,0
